3287	"flat-f-addr"	3288	"flat-define"	3290
3238	"flat-f-addr"	3239	"flat-define"	3241
3198	"flat-f-addr"	3199	"flat-define"	3201
3158	"flat-f-addr"	3159	"flat-define"	3161
3099	"flat-f-addr"	3100	"flat-define"	3102
3072	"flat-f-addr"	3073	"flat-define"	3075
3044	"flat-f-addr"	3045	"flat-define"	3047
2999	"flat-f-addr"	3000	"flat-define"	3002
2967	"flat-f-addr"	2968	"flat-define"	2970
2928	"flat-f-addr"	2929	"flat-define"	2931
2900	"flat-f-addr"	2901	"flat-define"	2903
2893	"flat-f-addr"	2894	"flat-define-prim"	2896
2886	"flat-f-addr"	2887	"flat-define-prim"	2889
2879	"flat-f-addr"	2880	"flat-define-prim"	2882
2872	"flat-f-addr"	2873	"flat-define-prim"	2875
2865	"flat-f-addr"	2866	"flat-define-prim"	2868
2858	"flat-f-addr"	2859	"flat-define-prim"	2861
2851	"flat-f-addr"	2852	"flat-define-prim"	2854
2844	"flat-f-addr"	2845	"flat-define-prim"	2847
2837	"flat-f-addr"	2838	"flat-define-prim"	2840
2830	"flat-f-addr"	2831	"flat-define-prim"	2833
2823	"flat-f-addr"	2824	"flat-define-prim"	2826
2816	"flat-f-addr"	2817	"flat-define-prim"	2819
2809	"flat-f-addr"	2810	"flat-define-prim"	2812
2802	"flat-f-addr"	2803	"flat-define-prim"	2805
2795	"flat-f-addr"	2796	"flat-define-prim"	2798
2788	"flat-f-addr"	2789	"flat-define-prim"	2791
2781	"flat-f-addr"	2782	"flat-define-prim"	2784
2774	"flat-f-addr"	2775	"flat-define-prim"	2777
2767	"flat-f-addr"	2768	"flat-define-prim"	2770
2760	"flat-f-addr"	2761	"flat-define-prim"	2763
2753	"flat-f-addr"	2754	"flat-define-prim"	2756
2746	"flat-f-addr"	2747	"flat-define-prim"	2749
2739	"flat-f-addr"	2740	"flat-define-prim"	2742
2732	"flat-f-addr"	2733	"flat-define-prim"	2735
2725	"flat-f-addr"	2726	"flat-define-prim"	2728
2718	"flat-f-addr"	2719	"flat-define-prim"	2721
2711	"flat-f-addr"	2712	"flat-define-prim"	2714
2704	"flat-f-addr"	2705	"flat-define-prim"	2707
2697	"flat-f-addr"	2698	"flat-define-prim"	2700
2690	"flat-f-addr"	2691	"flat-define-prim"	2693
2683	"flat-f-addr"	2684	"flat-define-prim"	2686
2676	"flat-f-addr"	2677	"flat-define-prim"	2679
2669	"flat-f-addr"	2670	"flat-define-prim"	2672
2662	"flat-f-addr"	2663	"flat-define-prim"	2665
2655	"flat-f-addr"	2656	"flat-define-prim"	2658
2648	"flat-f-addr"	2649	"flat-define-prim"	2651
2641	"flat-f-addr"	2642	"flat-define-prim"	2644
2634	"flat-f-addr"	2635	"flat-define-prim"	2637
2627	"flat-f-addr"	2628	"flat-define-prim"	2630
2620	"flat-f-addr"	2621	"flat-define-prim"	2623
2613	"flat-f-addr"	2614	"flat-define-prim"	2616
2606	"flat-f-addr"	2607	"flat-define-prim"	2609
2599	"flat-f-addr"	2600	"flat-define-prim"	2602
2592	"flat-f-addr"	2593	"flat-define-prim"	2595
2585	"flat-f-addr"	2586	"flat-define-prim"	2588
2578	"flat-f-addr"	2579	"flat-define-prim"	2581
2571	"flat-f-addr"	2572	"flat-define-prim"	2574
2564	"flat-f-addr"	2565	"flat-define-prim"	2567
2557	"flat-f-addr"	2558	"flat-define-prim"	2560
2550	"flat-f-addr"	2551	"flat-define-prim"	2553
2543	"flat-f-addr"	2544	"flat-define-prim"	2546
2536	"flat-f-addr"	2537	"flat-define-prim"	2539
2529	"flat-f-addr"	2530	"flat-define-prim"	2532