3293	"flat-ref"	3294	"flat-list-2"	3295
3270	"flat-ref"	3271	"flat-list-2"	3272
3278	"flat-ref"	3279	"flat-list-2"	3280
3282	"flat-ref"	3283	"flat-list-2"	3284
3273	"flat-ref"	3274	"flat-list-2"	3275
3261	"flat-ref"	3262	"flat-list-2"	3263
3264	"flat-ref"	3265	"flat-list-2"	3266
3256	"flat-ref"	3257	"flat-list-2"	3258
3250	"flat-ref"	3251	"flat-list-2"	3252
3245	"flat-ref"	3246	"flat-list-2"	3247
3234	"flat-ref"	3235	"flat-list-1"	3236
3217	"flat-ref"	3218	"flat-list-2"	3219
3227	"flat-ref"	3228	"flat-list-1"	3229
3230	"flat-ref"	3231	"flat-list-1"	3232
3220	"flat-ref"	3221	"flat-list-1"	3222
3223	"flat-ref"	3224	"flat-list-1"	3225
3213	"flat-ref"	3214	"flat-list-1"	3215
3209	"flat-ref"	3210	"flat-list-0"	3211
3205	"flat-ref"	3206	"flat-list-1"	3207
3178	"flat-ref"	3179	"flat-list-2"	3180
3185	"flat-ref"	3186	"flat-list-3"	3187
3192	"flat-ref"	3193	"flat-list-2"	3194
3188	"flat-ref"	3189	"flat-list-1"	3190
3181	"flat-ref"	3182	"flat-list-1"	3183
3170	"flat-ref"	3171	"flat-list-2"	3172
3174	"flat-ref"	3175	"flat-list-1"	3176
3165	"flat-ref"	3166	"flat-list-2"	3167
3142	"flat-ref"	3143	"flat-list-3"	3144
3149	"flat-ref"	3150	"flat-list-2"	3151
3152	"flat-ref"	3153	"flat-list-2"	3154
3146	"flat-ref"	3147	"flat-list-0"	3148
3137	"flat-ref"	3138	"flat-list-2"	3139
3133	"flat-ref"	3134	"flat-list-1"	3135
3124	"flat-ref"	3125	"flat-list-1"	3126
3119	"flat-ref"	3120	"flat-list-1"	3121
3112	"flat-ref"	3113	"flat-list-1"	3114
3107	"flat-ref"	3108	"flat-list-1"	3109
3084	"flat-ref"	3085	"flat-list-2"	3086
3091	"flat-ref"	3092	"flat-list-2"	3093
3094	"flat-ref"	3095	"flat-list-1"	3096
3087	"flat-ref"	3088	"flat-list-1"	3089
3079	"flat-ref"	3080	"flat-list-1"	3081
3056	"flat-ref"	3057	"flat-list-2"	3058
3063	"flat-ref"	3064	"flat-list-3"	3065
3068	"flat-ref"	3069	"flat-list-1"	3070
3059	"flat-ref"	3060	"flat-list-1"	3061
3051	"flat-ref"	3052	"flat-list-1"	3053
3036	"flat-ref"	3037	"flat-list-2"	3038
3040	"flat-ref"	3041	"flat-list-1"	3042
3021	"flat-ref"	3022	"flat-list-2"	3023
3028	"flat-ref"	3029	"flat-list-2"	3030
3032	"flat-ref"	3033	"flat-list-1"	3034
3024	"flat-ref"	3025	"flat-list-1"	3026
3014	"flat-ref"	3015	"flat-list-1"	3016
3017	"flat-ref"	3018	"flat-list-1"	3019
3010	"flat-ref"	3011	"flat-list-0"	3012
3006	"flat-ref"	3007	"flat-list-1"	3008
2981	"flat-ref"	2982	"flat-list-2"	2983
2991	"flat-ref"	2992	"flat-list-2"	2993
2995	"flat-ref"	2996	"flat-list-1"	2997
2984	"flat-ref"	2985	"flat-list-1"	2986
2987	"flat-ref"	2988	"flat-list-1"	2989
2978	"flat-ref"	2979	"flat-list-0"	2980
2974	"flat-ref"	2975	"flat-list-1"	2976
2959	"flat-ref"	2960	"flat-list-2"	2961
2963	"flat-ref"	2964	"flat-list-1"	2965
2950	"flat-ref"	2951	"flat-list-2"	2952
2954	"flat-ref"	2955	"flat-list-1"	2956
2944	"flat-ref"	2945	"flat-list-1"	2946
2940	"flat-ref"	2941	"flat-list-1"	2942
2936	"flat-ref"	2937	"flat-list-1"	2938
2916	"flat-ref"	2917	"flat-list-2"	2918
2923	"flat-ref"	2924	"flat-list-2"	2925
2919	"flat-ref"	2920	"flat-list-1"	2921
2912	"flat-ref"	2913	"flat-list-1"	2914
2907	"flat-ref"	2908	"flat-list-2"	2909