3329	"flat-ref"	3330	"flat-list-2"	3331
3355	"flat-ref"	3356	"flat-list-20"	3357
3332	"flat-ref"	3333	"flat-list-20"	3334
3230	"flat-ref"	3231	"flat-list-3"	3232
3260	"flat-ref"	3261	"flat-list-12"	3262
3318	"flat-ref"	3319	"flat-list-2"	3320
3313	"flat-ref"	3314	"flat-list-2"	3315
3308	"flat-ref"	3309	"flat-list-2"	3310
3303	"flat-ref"	3304	"flat-list-2"	3305
3298	"flat-ref"	3299	"flat-list-2"	3300
3293	"flat-ref"	3294	"flat-list-2"	3295
3288	"flat-ref"	3289	"flat-list-2"	3290
3283	"flat-ref"	3284	"flat-list-2"	3285
3278	"flat-ref"	3279	"flat-list-2"	3280
3273	"flat-ref"	3274	"flat-list-2"	3275
3268	"flat-ref"	3269	"flat-list-2"	3270
3263	"flat-ref"	3264	"flat-list-2"	3265
3253	"flat-ref"	3254	"flat-list-2"	3255
3237	"flat-ref"	3238	"flat-list-4"	3239
3246	"flat-ref"	3247	"flat-list-1"	3248
3249	"flat-ref"	3250	"flat-list-1"	3251
3242	"flat-ref"	3243	"flat-list-1"	3244
3207	"flat-ref"	3208	"flat-list-7"	3209
3215	"flat-ref"	3216	"flat-list-2"	3217
3218	"flat-ref"	3219	"flat-list-1"	3220
3184	"flat-ref"	3185	"flat-list-7"	3186
3195	"flat-ref"	3196	"flat-list-2"	3197
3170	"flat-ref"	3171	"flat-list-7"	3172
3178	"flat-ref"	3179	"flat-list-2"	3180
3117	"flat-ref"	3118	"flat-list-2"	3119
3121	"flat-ref"	3122	"flat-list-2"	3123
3129	"flat-ref"	3130	"flat-list-2"	3131
3157	"flat-ref"	3158	"flat-list-2"	3159
3165	"flat-ref"	3166	"flat-list-2"	3167
3160	"flat-ref"	3161	"flat-list-2"	3162
3132	"flat-ref"	3133	"flat-list-2"	3134
3148	"flat-ref"	3149	"flat-list-2"	3150
3152	"flat-ref"	3153	"flat-list-2"	3154
3135	"flat-ref"	3136	"flat-list-2"	3137
3143	"flat-ref"	3144	"flat-list-2"	3145
3138	"flat-ref"	3139	"flat-list-2"	3140
3124	"flat-ref"	3125	"flat-list-2"	3126
3107	"flat-ref"	3108	"flat-list-2"	3109
3111	"flat-ref"	3112	"flat-list-2"	3113
3098	"flat-ref"	3099	"flat-list-2"	3100
3101	"flat-ref"	3102	"flat-list-2"	3103
3089	"flat-ref"	3090	"flat-list-2"	3091
3092	"flat-ref"	3093	"flat-list-2"	3094
3079	"flat-ref"	3080	"flat-list-2"	3081
3083	"flat-ref"	3084	"flat-list-2"	3085
3070	"flat-ref"	3071	"flat-list-2"	3072
3073	"flat-ref"	3074	"flat-list-2"	3075
3061	"flat-ref"	3062	"flat-list-2"	3063
3064	"flat-ref"	3065	"flat-list-2"	3066
3049	"flat-ref"	3050	"flat-list-2"	3051
3053	"flat-ref"	3054	"flat-list-2"	3055
3040	"flat-ref"	3041	"flat-list-2"	3042
3043	"flat-ref"	3044	"flat-list-2"	3045
3031	"flat-ref"	3032	"flat-list-2"	3033
3034	"flat-ref"	3035	"flat-list-2"	3036
3021	"flat-ref"	3022	"flat-list-2"	3023
3025	"flat-ref"	3026	"flat-list-2"	3027
3012	"flat-ref"	3013	"flat-list-2"	3014
3015	"flat-ref"	3016	"flat-list-2"	3017
3003	"flat-ref"	3004	"flat-list-2"	3005
3006	"flat-ref"	3007	"flat-list-2"	3008
2993	"flat-ref"	2994	"flat-list-2"	2995
2970	"flat-ref"	2971	"flat-list-3"	2972
2982	"flat-ref"	2983	"flat-list-1"	2984
2974	"flat-ref"	2975	"flat-list-2"	2976
2977	"flat-ref"	2978	"flat-list-1"	2979
2965	"flat-ref"	2966	"flat-list-1"	2967
2947	"flat-ref"	2948	"flat-list-2"	2949
2951	"flat-ref"	2952	"flat-list-1"	2953
2954	"flat-ref"	2955	"flat-list-1"	2956
2942	"flat-ref"	2943	"flat-list-1"	2944
2923	"flat-ref"	2924	"flat-list-2"	2925
2930	"flat-ref"	2931	"flat-list-2"	2932
2926	"flat-ref"	2927	"flat-list-1"	2928
2919	"flat-ref"	2920	"flat-list-1"	2921
2914	"flat-ref"	2915	"flat-list-2"	2916