3775	"flat-list-0"	3776
3658	"flat-list-0"	3659
3578	"flat-list-3"	3579
3471	"flat-list-1"	3472
3426	"flat-list-5"	3427
3405	"flat-list-4"	3406
3385	"flat-list-1"	3386
3367	"flat-list-1"	3368
3355	"flat-list-3"	3356
3329	"flat-list-1"	3330
3323	"flat-list-3"	3324
3306	"flat-list-1"	3307
3297	"flat-list-2"	3298
3291	"flat-list-2"	3292
3276	"flat-list-3"	3277
3249	"flat-list-0"	3250
3209	"flat-list-1"	3210
3169	"flat-list-3"	3170
3083	"flat-list-2"	3084
3055	"flat-list-3"	3056
3010	"flat-list-2"	3011
2978	"flat-list-2"	2979
2939	"flat-list-2"	2940
2911	"flat-list-2"	2912